0000791156^Spirit Led&mdash;Moving By Grace In The Holy Spirit's Gifts^https://images-na.ssl-images-amazon.com/images/I/41VOn2LBVJL._SX38_SY50_CR,0,0,38,50_.jpg^Movies & TV Movies
0000143529^My Fair Pastry (Good Eats Vol. 9)^https://images-na.ssl-images-amazon.com/images/I/51tMfsvyaVL._SX38_SY50_CR,0,0,38,50_.jpg^Movies & TV Movies
0000143502^Rise and Swine (Good Eats Vol. 7)^https://images-na.ssl-images-amazon.com/images/I/51BM1I0lyFL._SX38_SY50_CR,0,0,38,50_.jpg^Movies & TV Movies
0000143561^Everyday Italian (with Giada de Laurentiis), Volume 1 (3 Pack): Italian Classics, Parties, Holidays^https://images-na.ssl-images-amazon.com/images/I/31sVGUDnlIL._SX38_SY50_CR,0,0,38,50_.jpg^Movies & TV Movies
0005097258^Holy Ground: Moments of Worship and Praise VHS^https://images-na.ssl-images-amazon.com/images/I/61v5ZQ7j3EL._SX38_SY50_CR,0,0,38,50_.jpg^Movies & TV Genre for Featured Categories Faith & Spirituality
0020110006^The Secrets of Divine Strength And Youthfulness Album  NTSC^https://images-na.ssl-images-amazon.com/images/I/51AJOic9WAL._SX38_SY50_CR,0,0,38,50_.jpg^Movies & TV Genre for Featured Categories Faith & Spirituality
0075723840^Direct Instruction Professional Development Video Series^https://images-na.ssl-images-amazon.com/images/I/51vECJ65yaL._SX38_SY50_CR,0,0,38,50_.jpg^Movies & TV TV
0253012015^The History of the Pianoforte: A Documentary in Sound^https://images-na.ssl-images-amazon.com/images/I/41RCcCePZVL._SX38_SY50_CR,0,0,38,50_.jpg^Movies & TV Musicals & Performing Arts Musicals
0310275288^The Jesus I Never Knew: Six Sessions on the Life of Christ^https://images-na.ssl-images-amazon.com/images/I/518blQa0erL._SX38_SY50_CR,0,0,38,50_.jpg^Movies & TV Genre for Featured Categories Drama
0310279623^Life and Ministry of the Messiah Faith Lessons, Vol. 3 8 Faith Lessons^https://images-na.ssl-images-amazon.com/images/I/413DU6mGEdL._SX38_SY50_CR,0,0,38,50_.jpg^Movies & TV Genre for Featured Categories Faith & Spirituality
0310278899^Nooma She 021: Rob Bell^https://images-na.ssl-images-amazon.com/images/I/31Ldv3Tb2mL._SX38_SY50_CR,0,0,38,50_.jpg^Movies & TV Genre for Featured Categories Documentary
0310285062^Start Becoming a Good Samaritan Video Study: Six Sessions^https://images-na.ssl-images-amazon.com/images/I/510GkJ0mUAL._SX38_SY50_CR,0,0,38,50_.jpg^Movies & TV Genre for Featured Categories Faith & Spirituality
0310328683^The Christ Files: A Search for the Real Jesus^https://images-na.ssl-images-amazon.com/images/I/51ZUSoytp2L._SX38_SY50_CR,0,0,38,50_.jpg^Movies & TV Genre for Featured Categories Faith & Spirituality
0310699851^Discussing Mere Christianity Video Study: Exploring the History, Meaning, and Relevance of C.S. Lewis's Greatest Book^https://images-na.ssl-images-amazon.com/images/I/41hVCQMcqcL._SX38_SY50_CR,0,0,38,50_.jpg^Movies & TV Genre for Featured Categories Faith & Spirituality
0310691281^Soul Keeping Video Study: Caring for the Most Important Part of You^https://images-na.ssl-images-amazon.com/images/I/41RtJ9rwmAL._SX38_SY50_CR,0,0,38,50_.jpg^Movies & TV Genre for Featured Categories Faith & Spirituality
0310819415^Keep It Shut Video Study: What to Say, How to Say It, and When to Say Nothing At All^https://images-na.ssl-images-amazon.com/images/I/31EltJlvifL._SX38_SY50_CR,0,0,38,50_.jpg^Movies & TV Genre for Featured Categories Faith & Spirituality
0310817730^Starting Point Video Study: A Conversation About Faith^https://images-na.ssl-images-amazon.com/images/I/41aXCtycnoL._SX38_SY50_CR,0,0,38,50_.jpg^Movies & TV Genre for Featured Categories Faith & Spirituality
0310893984^Guardrails Avoiding Regrets in Your Life^https://images-na.ssl-images-amazon.com/images/I/51%2B2UsjXYSL._SX38_SY50_CR,0,0,38,50_.jpg^Movies & TV Genre for Featured Categories Faith & Spirituality
0310890322^Between a Rock and a Grace Place Video Study: Divine Surprises in the Tight Spots of Life^https://images-na.ssl-images-amazon.com/images/I/51tcTzH2JHL._SX38_SY50_CR,0,0,38,50_.jpg^Movies & TV Genre for Featured Categories Faith & Spirituality
0384948251^Ranger Ready Army Ranger Training Documentary^https://images-na.ssl-images-amazon.com/images/I/51aMJUYZWOL._SX38_SY50_CR,0,0,38,50_.jpg^Movies & TV Movies
0439838010^Bark George; I Lost My Bear; How Do Dinosaurs Get Well Soon?; How Do Dinosaurs Say Good Night?^https://images-na.ssl-images-amazon.com/images/I/51JPgmLcYgL._SX38_SY50_CR,0,0,38,50_.jpg^Movies & TV Movies
0578002019^Let's Go Guang! Chinese for Children, Vol. 1 - Meet Guang, the Chinese Dragon | Multimedia Learning Kit^https://images-na.ssl-images-amazon.com/images/I/51RJYTDZ1qL._SX38_SY50_CR,0,0,38,50_.jpg^Movies & TV Genre for Featured Categories Special Interests
0578047861^The ADVENTISTS^https://images-na.ssl-images-amazon.com/images/I/51WwJlv0PSL._SX38_SY50_CR,0,0,38,50_.jpg^Movies & TV Genre for Featured Categories Documentary
0615229492^The Mendelssohn Glee Club &quot;Men Who Sing&quot;^https://images-na.ssl-images-amazon.com/images/I/51Vjzu4iFML._SX38_SY50_CR,0,0,38,50_.jpg^Movies & TV Musicals & Performing Arts Classical
0615279392^Erik Dalton Myoskeletal Alignment for Low Back, Hip and Leg Pain^https://images-na.ssl-images-amazon.com/images/I/51ecw3Sez8L._SX38_SY50_CR,0,0,38,50_.jpg^Movies & TV Genre for Featured Categories Special Interests
0615536255^The Blueprint For Life Study^https://images-na.ssl-images-amazon.com/images/I/51uorOYBKdL._SX38_SY50_CR,0,0,38,50_.jpg^Movies & TV Movies
0615544266^Kimchi Chronicles^https://images-na.ssl-images-amazon.com/images/I/61gd%2BNue9bL._SX38_SY50_CR,0,0,38,50_.jpg^Movies & TV Movies
0618585559^Avancemos! Video Program, Levels 1A/1B/1^https://images-na.ssl-images-amazon.com/images/I/51neiDbP7mL._SX38_SY50_CR,0,0,38,50_.jpg^Movies & TV TV
0620335513^City Slickers: a tale of two african penguins...^https://images-na.ssl-images-amazon.com/images/I/5193C1wY2ZL._SX38_SY50_CR,0,0,38,50_.jpg^Movies & TV Genre for Featured Categories Special Interests
0736925856^Israel Under Fire^https://images-na.ssl-images-amazon.com/images/I/61VhsyQ7uUL._SX38_SY50_CR,0,0,38,50_.jpg^Movies & TV Genre for Featured Categories Documentary
0736928936^What Happens When Women Say Yes to God: Six Motivating Sessions to Change Your Life Forever^https://images-na.ssl-images-amazon.com/images/I/51ueOhDo8TL._SX38_SY50_CR,0,0,38,50_.jpg^Movies & TV Genre for Featured Categories Faith & Spirituality
0736937714^God, I'm Ready to Walk in Faith: Six Fun and Inspirational Sessions^https://images-na.ssl-images-amazon.com/images/I/51dR0gpIx3L._SX38_SY50_CR,0,0,38,50_.jpg^Movies & TV Genre for Featured Categories Faith & Spirituality
0736943676^The Bondage Breaker Experience^https://images-na.ssl-images-amazon.com/images/I/51vBykl3N8L._SX38_SY50_CR,0,0,38,50_.jpg^Movies & TV Genre for Featured Categories Faith & Spirituality
0738920762^Sesame Street: 123 Count With Me^https://images-na.ssl-images-amazon.com/images/I/61%2BpTiBokXL._SX38_SY50_CR,0,0,38,50_.jpg^Movies & TV Studio Specials Sony Pictures Home Entertainment All Sony Pictures Titles
0739062654^Sue Foley: Guitar Woman^https://images-na.ssl-images-amazon.com/images/I/51vb10L6zWL._SX38_SY50_CR,0,0,38,50_.jpg^Movies & TV Musicals & Performing Arts Musicals
0739094858^How to Play Blues in the Style of Albert King^https://images-na.ssl-images-amazon.com/images/I/51WdcMspb4L._SX38_SY50_CR,0,0,38,50_.jpg^Movies & TV Musicals & Performing Arts Musicals
0739093959^20 Essential Rhythm Guitar Styles^https://images-na.ssl-images-amazon.com/images/I/41Ds6jm0fAL._SX38_SY50_CR,0,0,38,50_.jpg^Movies & TV Musicals & Performing Arts Musicals
0740309323^The God Question^https://images-na.ssl-images-amazon.com/images/I/61A-mjgEemL._SX38_SY50_CR,0,0,38,50_.jpg^Movies & TV Movies
0740325124^Tonya Larson - Power. Stretch &amp; Sculpt^https://images-na.ssl-images-amazon.com/images/I/51%2B9lkrc7HL._SX38_SY50_CR,0,0,38,50_.jpg^Movies & TV Movies
0756030870^Strong Chemistry DVD^https://images-na.ssl-images-amazon.com/images/I/51lYdZZBAQL._SX38_SY50_CR,0,0,38,50_.jpg^Movies & TV Movies
0756030099^Rainforest Jungle Eyewitness DVD^https://images-na.ssl-images-amazon.com/images/I/51mhL6KjqFL._SX38_SY50_CR,0,0,38,50_.jpg^Movies & TV Movies
0756035856^Woodrow Wilson VHS^https://images-na.ssl-images-amazon.com/images/I/51OtjJxN5iL._SX38_SY50_CR,0,0,38,50_.jpg^Movies & TV Movies
0756032709^Plant Life in Action: Photosynthesis DVD^https://images-na.ssl-images-amazon.com/images/I/51MrnbsY-XL._SX38_SY50_CR,0,0,38,50_.jpg^Movies & TV Movies
0756682711^Eyewitness Elephant^https://images-na.ssl-images-amazon.com/images/I/41e9WkgjePL._SX38_SY50_CR,0,0,38,50_.jpg^Movies & TV Genre for Featured Categories Documentary
0757991637^Modern Electric Bass^https://images-na.ssl-images-amazon.com/images/I/519OWP%2Bu-yL._SX38_SY50_CR,0,0,38,50_.jpg^Movies & TV Musicals & Performing Arts Musicals
0764820516^A Child's First Communion: And So Much More!^https://images-na.ssl-images-amazon.com/images/I/518Hvla73ML._SX38_SY50_CR,0,0,38,50_.jpg^Movies & TV Christian Movies & TV
0766253872^Jillian Michaels; Shaun T's Rockin' Body; Barrys Bootcamp: Workout DVD Collection (8 DVD Set!)^https://images-na.ssl-images-amazon.com/images/I/610rjSmyLoL._SX38_SY50_CR,0,0,38,50_.jpg^Movies & TV Movies
0767001311^The Very Best of the Bob Newhart Show 6 VHS^https://images-na.ssl-images-amazon.com/images/I/510jhcyuVQL._SX38_SY50_CR,0,0,38,50_.jpg^Movies & TV Boxed Sets Television
0767019245^Roman War Machine VHS^https://images-na.ssl-images-amazon.com/images/I/51yPGGMPzZL._SX38_SY50_CR,0,0,38,50_.jpg^Movies & TV A&E Home Video All A&E Titles
0767020294^Jane Eyre^https://images-na.ssl-images-amazon.com/images/I/51QMX%2Bz4jFL._SX38_SY50_CR,0,0,38,50_.jpg^Movies & TV A&E Home Video All A&E Titles
0767087372^Upstairs Downstairs Complete Series A&amp;E^https://images-na.ssl-images-amazon.com/images/I/51yptnD-3ML._SX38_SY50_CR,0,0,38,50_.jpg^Movies & TV Genre for Featured Categories Action & Adventure
0767088247^The Complete Series Rumpole of the Bailey^https://images-na.ssl-images-amazon.com/images/I/41BwVAcCBpL._SX38_SY50_CR,0,0,38,50_.jpg^Movies & TV TV
0767726227^Mel Brooks Collector Set VHS^https://images-na.ssl-images-amazon.com/images/I/51Bc2rFYpGL._SX38_SY50_CR,0,0,38,50_.jpg^Movies & TV Studio Specials 20th Century Fox Home Entertainment Musicals General
0767804325^Absence of Malice^https://images-na.ssl-images-amazon.com/images/I/51aMclIlPeL._SX38_SY50_CR,0,0,38,50_.jpg^Movies & TV Studio Specials Sony Pictures Home Entertainment All Sony Pictures Titles
0767808673^Spice World^https://images-na.ssl-images-amazon.com/images/I/61OVUc1crkL._SX38_SY50_CR,0,0,38,50_.jpg^Movies & TV Studio Specials Sony Pictures Home Entertainment All Sony Pictures Titles
0767818105^Roxanne^https://images-na.ssl-images-amazon.com/images/I/51fxqsaAUFL._SX38_SY50_CR,0,0,38,50_.jpg^Movies & TV Studio Specials Sony Pictures Home Entertainment All Sony Pictures Titles
0767836359^A River Runs Through It^https://images-na.ssl-images-amazon.com/images/I/61bZ9faWMQL._SX38_SY50_CR,0,0,38,50_.jpg^Movies & TV Studio Specials Sony Pictures Home Entertainment All Sony Pictures Titles
0768442508^Reclaim Your Soul: A Study^https://images-na.ssl-images-amazon.com/images/I/51e6enjj8VL._SX38_SY50_CR,0,0,38,50_.jpg^Movies & TV Genre for Featured Categories Faith & Spirituality
0780609166^The March of Time Collector's Set VHS^https://images-na.ssl-images-amazon.com/images/I/51YhANIrDJL._SX38_SY50_CR,0,0,38,50_.jpg^Movies & TV Studio Specials Warner Home Video All Titles
078065062X^I Walked With a Zombie/Body Snatcher^https://images-na.ssl-images-amazon.com/images/I/516PgAEBZIL._SX38_SY50_CR,0,0,38,50_.jpg^Movies & TV Movies
0781408911^The Sacred Search Study Resource^https://images-na.ssl-images-amazon.com/images/I/313M3DNuquL._SX38_SY50_CR,0,0,38,50_.jpg^Movies & TV Genre for Featured Categories Kids & Family
0783116926^The Changeling^https://images-na.ssl-images-amazon.com/images/I/61Gz2h9VK1L._SX38_SY50_CR,0,0,38,50_.jpg^Movies & TV Genre for Featured Categories Action & Adventure
078322740X^Housesitter^https://images-na.ssl-images-amazon.com/images/I/615jBxYi4JL._SX38_SY50_CR,0,0,38,50_.jpg^Movies & TV Genre for Featured Categories Comedy
0783227930^The Beguiled (1971)^https://images-na.ssl-images-amazon.com/images/I/51Bzz6jHfXL._SX38_SY50_CR,0,0,38,50_.jpg^Movies & TV Genre for Featured Categories Mystery & Thrillers
0783226896^For Richer or Poorer^https://images-na.ssl-images-amazon.com/images/I/51g0PT7OiKL._SX38_SY50_CR,0,0,38,50_.jpg^Movies & TV Genre for Featured Categories Comedy
0783230486^How to Make an American Quilt^https://images-na.ssl-images-amazon.com/images/I/51tQiyWHf1L._SX38_SY50_CR,0,0,38,50_.jpg^Movies & TV Genre for Featured Categories Comedy
078322947X^Sorcerer^https://images-na.ssl-images-amazon.com/images/I/51G7KewpckL._SX38_SY50_CR,0,0,38,50_.jpg^Movies & TV Studio Specials Universal Studios Home Entertainment All Universal Studios Titles
0783231032^1941^https://images-na.ssl-images-amazon.com/images/I/6181U67AJvL._SX38_SY50_CR,0,0,38,50_.jpg^Movies & TV Genre for Featured Categories Action & Adventure
0783230427^Village of the Damned^https://images-na.ssl-images-amazon.com/images/I/61cI967U-fL._SX38_SY50_CR,0,0,38,50_.jpg^Movies & TV Science Fiction & Fantasy Science Fiction Alien Invasion
0783582722^Aegean - Legacy of Atlantis VHS^https://images-na.ssl-images-amazon.com/images/I/41CQQEIn-zL._SX38_SY50_CR,0,0,38,50_.jpg^Movies & TV Genre for Featured Categories Documentary
0788606344^Doris Day Show Season 1^https://images-na.ssl-images-amazon.com/images/I/51q1SriUM%2BL._SX38_SY50_CR,0,0,38,50_.jpg^Movies & TV Boxed Sets Comedy
0788815474^Beloved^https://images-na.ssl-images-amazon.com/images/I/61pPLw9xZiL._SX38_SY50_CR,0,0,38,50_.jpg^Movies & TV Walt Disney Studios Home Entertainment Animated Movies
078887148X^Enchanted^https://images-na.ssl-images-amazon.com/images/I/41eDehCTBqL._SX38_SY50_CR,0,0,38,50_.jpg^Movies & TV Movies
0792160347^American Gigolo^https://images-na.ssl-images-amazon.com/images/I/51Qe00qgDVL._SX38_SY50_CR,0,0,38,50_.jpg^Movies & TV Paramount Home Entertainment Drama
0792292553^National Geographic Special Presentation: Guns, Germs, and Steel DVD^https://images-na.ssl-images-amazon.com/images/I/51GttW7qDjL._SX38_SY50_CR,0,0,38,50_.jpg^Movies & TV Educational
0793906091^Star Wars Trilogy THX Digitally Mastered Edition^https://images-na.ssl-images-amazon.com/images/I/41BeT-hHmTL._SX38_SY50_CR,0,0,38,50_.jpg^Movies & TV Science Fiction & Fantasy Science Fiction Star Wars
0811713067^Dyeing with Gene Shepherd 2: Volume 2: How to Dye with Acid Dyes; Spots and Textures, Pots and Casseroles^https://images-na.ssl-images-amazon.com/images/I/51p9m6UulyL._SX38_SY50_CR,0,0,38,50_.jpg^Movies & TV Genre for Featured Categories Special Interests
0829758968^La Historia curr&iacute;culo DVDR: El coraz&oacute;n de la historia de Dios^https://images-na.ssl-images-amazon.com/images/I/516oo9x1hDL._SX38_SY50_CR,0,0,38,50_.jpg^Movies & TV Genre for Featured Categories Faith & Spirituality
0829759085^El Dios pr&oacute;digo Encuentra tu lugar en la mesa^https://images-na.ssl-images-amazon.com/images/I/51KNiHZb7UL._SX38_SY50_CR,0,0,38,50_.jpg^Movies & TV Genre for Featured Categories Faith & Spirituality
0835813622^The God We Can Know with Leader's Guide^https://images-na.ssl-images-amazon.com/images/I/41mxED%2BNc8L._SX38_SY50_CR,0,0,38,50_.jpg^Movies & TV Genre for Featured Categories Faith & Spirituality
0842526919^Journey of Faith: The New World^https://images-na.ssl-images-amazon.com/images/I/31wIClvTqDL._SX38_SY50_CR,0,0,38,50_.jpg^Movies & TV Genre for Featured Categories Documentary
0849922542^Stuck Video Study^https://images-na.ssl-images-amazon.com/images/I/41PSz14mHML._SX38_SY50_CR,0,0,38,50_.jpg^Movies & TV Genre for Featured Categories Faith & Spirituality
0849960169^Move on: When Mercy Meets Your Mess^https://images-na.ssl-images-amazon.com/images/I/41TK5h-GqqL._SX38_SY50_CR,0,0,38,50_.jpg^Movies & TV Genre for Featured Categories Faith & Spirituality
0849980372^Life on the Edge^https://images-na.ssl-images-amazon.com/images/I/51SXKkWAfBL._SX38_SY50_CR,0,0,38,50_.jpg^Movies & TV Genre for Featured Categories Kids & Family
0873362977^2011 Merrie Monarch Festival^https://images-na.ssl-images-amazon.com/images/I/51dYDx7mLdL._SX38_SY50_CR,0,0,38,50_.jpg^Movies & TV Genre for Featured Categories Special Interests
0874934648^BLS for Healthcare Providers Professional - Basic Life Support and Renewal Course^https://images-na.ssl-images-amazon.com/images/I/518gRVl%2BiGL._SX38_SY50_CR,0,0,38,50_.jpg^Movies & TV Genre for Featured Categories Exercise & Fitness
0875421172^Herb Magic Video^https://images-na.ssl-images-amazon.com/images/I/51PxRxWbo4L._SX38_SY50_CR,0,0,38,50_.jpg^Movies & TV Movies
0876045816^Sitchin: Future, Past-Present^https://images-na.ssl-images-amazon.com/images/I/51o6HojfZdL._SX38_SY50_CR,0,0,38,50_.jpg^Movies & TV Genre for Featured Categories Mystery & Thrillers
0898707382^Joseph: The Man Closest to Christ VHS^https://images-na.ssl-images-amazon.com/images/I/518xqdgPN0L._SX38_SY50_CR,0,0,38,50_.jpg^Movies & TV Genre for Featured Categories Faith & Spirituality
0901007641^DVD-Believers Authority (3 DVD)^https://images-na.ssl-images-amazon.com/images/I/21CHogjCKKL._SX38_SY50_CR,0,0,38,50_.jpg^Movies & TV Genre for Featured Categories Faith & Spirituality
091055840X^A Personal Serach for The Meaning of the Atonement^https://images-na.ssl-images-amazon.com/images/I/31kqo1p%2BAGL._SX38_SY50_CR,0,0,38,50_.jpg^Movies & TV Genre for Featured Categories Faith & Spirituality
0912423412^Fibromyalgia Interval Training FIT An Aquatic Exercise Program for People with Fibromyalgia VHS^https://images-na.ssl-images-amazon.com/images/I/51kUpMM9J9L._SX38_SY50_CR,0,0,38,50_.jpg^Movies & TV Genre for Featured Categories Exercise & Fitness
0923550690^In Lies We Trust: The CIA, Hollywood and Bioterrorism^https://images-na.ssl-images-amazon.com/images/I/51GFzijmjjL._SX38_SY50_CR,0,0,38,50_.jpg^Movies & TV Movies
0932766722^Grand Canyon: Monument to the Flood^https://images-na.ssl-images-amazon.com/images/I/51K4a47fB8L._SX38_SY50_CR,0,0,38,50_.jpg^Movies & TV Movies
0934803765^Revelation Revealed VHS^https://images-na.ssl-images-amazon.com/images/I/51pxBtqdbyL._SX38_SY50_CR,0,0,38,50_.jpg^Movies & TV Genre for Featured Categories Faith & Spirituality
0939343533^Baxter Black's Double Live^https://images-na.ssl-images-amazon.com/images/I/512VRY3QlGL._SX38_SY50_CR,0,0,38,50_.jpg^Movies & TV Genre for Featured Categories Comedy
0953981126^How to Play the Didgeridoo^https://images-na.ssl-images-amazon.com/images/I/4174K9EfA0L._SX38_SY50_CR,0,0,38,50_.jpg^Movies & TV Genre for Featured Categories Special Interests
0962405612^Future Tense VHS^https://images-na.ssl-images-amazon.com/images/I/51MJVvFgQtL._SX38_SY50_CR,0,0,38,50_.jpg^Movies & TV Genre for Featured Categories Drama
0963781332^Lexie Cannes^https://images-na.ssl-images-amazon.com/images/I/61W1xxmTPaL._SX38_SY50_CR,0,0,38,50_.jpg^Movies & TV Movies
0964500094^Such Were Some of You With Leaders Guide^https://images-na.ssl-images-amazon.com/images/I/51uVYV6cJQL._SX38_SY50_CR,0,0,38,50_.jpg^Movies & TV Movies
